name,category,city,address,website,email,phone,reviews_rating,num_reviews,description,schedule,auxiliar(borrar),images
Mirablau,NOT_FOUND,NO_CITY,"Plaça del Doctor Andreu, s/n, Sarrià-Sant Gervasi, 08035 Barcelona",mirablaubcn.com,mirablau@mirablaubcn.com,934185879,4.3,12118,"Tapas y vinos catalanes en una terraza con vistas a la montaña, música dance y ambiente animado por las noches.","[{'day': 'domingo', 'hours': '0:00–6:0011:00–24:00'}, {'day': 'lunes', 'hours': '0:00–3:0011:00–24:00'}, {'day': 'martes', 'hours': '0:00–3:0011:00–24:00'}, {'day': 'miércoles(Día del Padre)', 'hours': '0:00–3:0011:00–24:00 El horario podría cambiar'}, {'day': 'jueves', 'hours': '0:00–3:0011:00–24:00'}, {'day': 'viernes', 'hours': '0:00–3:0011:00–24:00'}, {'day': 'sábado', 'hours': '0:00–6:0011:00–24:00'}]",Carta,"{'main': 'https://lh5.googleusercontent.com/p/AF1QipN-w_CGnyxVI2RGz4ZYUo3B808R-yr_3jYpjZ5f=w163-h92-k-no', 'img1': 'https://lh5.googleusercontent.com/p/AF1QipMFPU-N5T3BktjORbEBPQQ_RsscULq0ucrhBG10=w203-h114-k-no', 'img2': 'https://lh3.googleusercontent.com/gps-cs-s/AB5caB8q3kwydlXy8K9ctykAK4piHkm_4Y5K_x2Usz3TKNWf7OxRLkNH8BgBVLKHXDr5iYPWIoyZnTXQU5jRSZmry_Y-zPOl2zLK4ZrZRYUFXNdeUHs0MBbUpcJnCdEDrwON4SsGTJxN=w203-h114-k-no', 'img3': 'https://lh3.googleusercontent.com/gps-cs-s/AB5caB_bZRxqP5U84t2xKQMLozpjUmFV0I18z4LzEciDPyNVVuDgsSZ9P3AqGmi4IaXD9AIC1AIRybToYO3aVQE3u_XYOXhvkyKweKVprt7gMeQZ19mpPYgE8wRpD5gpegetXllWCZOvkQ=w203-h270-k-no'}"
Bar El Tomás de Sarriá,Bar de tapas,Barcelona,"Carrer Major de Sarrià, 49, Sarrià-Sant Gervasi, 08017 Barcelona",eltomasdesarria.com,NO_EMAIL,932031077,4.3,6655,"Bar clásico, especializado en patatas fritas al estilo tradicional con salsa picante, donde se sirven tapas y cerveza artesanal.","[{'day': 'domingo', 'hours': 'Cerrado'}, {'day': 'lunes', 'hours': '12:30–16:0018:30–22:00'}, {'day': 'martes', 'hours': '12:30–16:0018:30–22:00'}, {'day': 'miércoles(Día del Padre)', 'hours': '12:30–16:0018:30–22:00 El horario podría cambiar'}, {'day': 'jueves', 'hours': '12:30–16:0018:30–22:00'}, {'day': 'viernes', 'hours': '12:30–16:0018:30–22:00'}, {'day': 'sábado', 'hours': '12:00–16:0018:30–22:00'}]",NOT_FOUND,"{'main': 'https://lh5.googleusercontent.com/p/AF1QipOZkIfbv7fTIi7LY3K8jUtENnknq_mw5dYK9k5i=w122-h92-k-no', 'img1': 'https://lh5.googleusercontent.com/p/AF1QipMG0zSS6rFcCMeZ1XavyBbemBKTA-sQWmjtboNF=w244-h100-k-no', 'img2': 'https://lh3.googleusercontent.com/p/AF1QipNFFJAZbaAo016NAt-AMuAbt-s3y9jcWCj3_-Fu=w203-h360-k-no', 'img3': 'https://lh5.googleusercontent.com/p/AF1QipPD1CLFwpLDxVVO_QpRlQW9PUmixlooM4CRt7Km=w203-h304-k-no'}"
Luz de Gas Barcelona,Discoteca,Barcelona,"C/ de Muntaner, 246, Sarrià-Sant Gervasi, 08021 Barcelona",luzdegas.com,comunicacio@luzdegas.com,932097711,4.0,6393,"Sala de conciertos y local nocturno con una decoración refinada, lámparas de araña, escenario y bar.","[{'day': 'domingo', 'hours': 'Cerrado'}, {'day': 'lunes', 'hours': 'Cerrado'}, {'day': 'martes', 'hours': 'Cerrado'}, {'day': 'miércoles(Día del Padre)', 'hours': 'Cerrado El horario podría cambiar'}, {'day': 'jueves', 'hours': '0:00–6:00'}, {'day': 'viernes', 'hours': '0:00–6:00'}, {'day': 'sábado', 'hours': '0:00–6:00'}]",NOT_FOUND,"{'main': 'https://lh5.googleusercontent.com/p/AF1QipM02QTPvcjW6esK6ca1XOiO8z50yUd5wMxgcsGx=w163-h92-k-no', 'img1': 'https://lh3.googleusercontent.com/p/AF1QipMkT847UdpW2fMy-Vf9h6d8fJtUEdPbP55q__iE=w203-h114-k-no', 'img2': 'https://lh3.googleusercontent.com/p/AF1QipNJ3Vxa939kWNdZDOTCMCQPBP2qdjZPKxt3cIQw=w203-h114-k-no', 'img3': 'https://lh5.googleusercontent.com/p/AF1QipMrJYMm_Do2fFw3rrIFwjxj5R5B5kqqGLFtYSEh=w203-h114-k-no'}"
Otto Zutz Barcelona,NOT_FOUND,NO_CITY,NO_ADDRESS,NO_WEBSITE,,NO_PHONE,3.3,5055,"Discoteca con varias salas e iluminación ambiental, especializada en R&B, hiphop y reguetón.","[{'day': 'domingo', 'hours': '0:00–6:00'}, {'day': 'lunes', 'hours': 'Cerrado'}, {'day': 'martes', 'hours': 'Cerrado'}, {'day': 'miércoles(Día del Padre)', 'hours': 'Cerrado El horario podría cambiar'}, {'day': 'jueves', 'hours': '23:55–24:00'}, {'day': 'viernes', 'hours': '0:00–5:0023:55–24:00'}, {'day': 'sábado', 'hours': '0:00–6:0018:30–24:00'}]",NOT_FOUND,"{'main': 'https://lh5.googleusercontent.com/p/AF1QipMoN29MIXnuoQuLnBgZ9IrX78aeFFfItTY1cIOO=w138-h92-k-no', 'img1': 'https://lh3.googleusercontent.com/gps-cs-s/AB5caB8pY87rNG6uNz4EL2cAyxIkoKMMVaaT23MmTt2JFF5d6DiBJisbJomSuqMPGOnmTkXYGfDpQay8IzcY8sxeXcurUoQO_5em9l169iRtVEu2iTgrnoB81v7v6_hd3LqllIDMuxiTqw=w203-h271-k-no', 'img2': 'https://lh3.googleusercontent.com/gps-cs-s/AB5caB9T2V6f8m1jAhiXxvRt33pfARHLC7v_xvbCnlLliIloWbmPA0NCzBMhNt6-vXwx2AOC-koB0u0pcQ7qv3QXFqq1mrNhMSZchPHnxq6pgmFYD20Jsluc-CDqvBFnpefriPBbaulQ=w203-h114-k-no', 'img3': 'https://lh3.googleusercontent.com/p/AF1QipMWAXBBxzaS_-i7akpd7aK2Ap6xLHgJv8ql9lPX=w203-h100-k-no-pi0-ya180-ro0-fo100'}"
Otto Zutz Barcelona,Discoteca,Barcelona,"Carrer de Lincoln, 15, Sarrià-Sant Gervasi, 08006 Barcelona",ottozutz.com,NO_EMAIL,669266410,3.3,5055,"Discoteca con varias salas e iluminación ambiental, especializada en R&B, hiphop y reguetón.","[{'day': 'domingo', 'hours': '0:00–6:00'}, {'day': 'lunes', 'hours': 'Cerrado'}, {'day': 'martes', 'hours': 'Cerrado'}, {'day': 'miércoles(Día del Padre)', 'hours': 'Cerrado El horario podría cambiar'}, {'day': 'jueves', 'hours': '23:55–24:00'}, {'day': 'viernes', 'hours': '0:00–5:0023:55–24:00'}, {'day': 'sábado', 'hours': '0:00–6:0018:30–24:00'}]",Amigable con la comunidad LGTBI+,"{'main': 'https://lh5.googleusercontent.com/p/AF1QipMoN29MIXnuoQuLnBgZ9IrX78aeFFfItTY1cIOO=w138-h92-k-no', 'img1': 'https://lh3.googleusercontent.com/gps-cs-s/AB5caB8pY87rNG6uNz4EL2cAyxIkoKMMVaaT23MmTt2JFF5d6DiBJisbJomSuqMPGOnmTkXYGfDpQay8IzcY8sxeXcurUoQO_5em9l169iRtVEu2iTgrnoB81v7v6_hd3LqllIDMuxiTqw=w203-h271-k-no', 'img2': 'https://lh3.googleusercontent.com/gps-cs-s/AB5caB9T2V6f8m1jAhiXxvRt33pfARHLC7v_xvbCnlLliIloWbmPA0NCzBMhNt6-vXwx2AOC-koB0u0pcQ7qv3QXFqq1mrNhMSZchPHnxq6pgmFYD20Jsluc-CDqvBFnpefriPBbaulQ=w203-h114-k-no', 'img3': 'https://lh3.googleusercontent.com/p/AF1QipMWAXBBxzaS_-i7akpd7aK2Ap6xLHgJv8ql9lPX=w203-h100-k-no-pi0-ya180-ro0-fo100'}"
Bling Bling Barcelona,Discoteca,NO_CITY,"Carrer de Tuset, 8-10, Sarrià-Sant Gervasi, 08006 Barcelona",blingblingbcn.com,NO_EMAIL,664244209,3.1,3324,"Aperitivos de bar clásicos, champán y narguiles en una glamurosa discoteca de moda con pista de baile.","[{'day': 'domingo', 'hours': 'Cerrado'}, {'day': 'lunes', 'hours': 'Cerrado'}, {'day': 'martes', 'hours': 'Cerrado'}, {'day': 'miércoles(Día del Padre)', 'hours': '0:30–5:00 El horario podría cambiar'}, {'day': 'jueves', 'hours': '0:30–5:00'}, {'day': 'viernes', 'hours': '0:30–6:00'}, {'day': 'sábado', 'hours': '0:30–6:00'}]",Carta,"{'main': 'https://lh5.googleusercontent.com/p/AF1QipOhQUp2ae80kROr8Ff6CUhhqTfcBS-oJD6Bkvg=w137-h92-k-no', 'img1': 'https://lh5.googleusercontent.com/p/AF1QipOYSBXRKgbhIktKpPKNNOtuwHIhoybapSUloK8=w203-h135-k-no', 'img2': 'https://lh3.googleusercontent.com/gps-cs-s/AB5caB8mBwnphpgrPgeydB_HEunH29AevqsRpOzr_pa93VI8XhaqQrF38EAX3b_JyQKsvsrGIRryqotl2iggrLg6tKPoq9r5tglZc2cbkcbJvLEIAAf6lr2A3vH5lRux7RDQ_zpAB3U=w203-h114-k-no', 'img3': 'https://lh3.googleusercontent.com/gps-cs-s/AB5caB9sKOgIaO_SwaeC8LagO_ezdtZmMhxUFFktImWlG-3XnXVlwcOeB6R0Sm3r7xWI5r20Jnh1eJ2LZLIbUT70SP50Og0ZlVfNv--gZCvkNPqGfzLue5bELHop8X1TF2-qxzaOAGpx=w203-h135-k-no'}"
Nu Bcn,NOT_FOUND,NO_CITY,NO_ADDRESS,NO_WEBSITE,,NO_PHONE,4.0,2840,"Platos de alta cocina, sushi y cócteles en un restaurante exclusivo con terraza, pista de baile y sesiones de DJs.","[{'day': 'domingo', 'hours': '13:00–2:30'}, {'day': 'lunes', 'hours': '13:00–23:30'}, {'day': 'martes', 'hours': '13:00–23:30'}, {'day': 'miércoles(Día del Padre)', 'hours': '13:00–2:30 El horario podría cambiar'}, {'day': 'jueves', 'hours': '13:00–2:30'}, {'day': 'viernes', 'hours': '13:00–3:00'}, {'day': 'sábado', 'hours': '13:00–3:00'}]",NOT_FOUND,"{'main': 'https://lh5.googleusercontent.com/p/AF1QipP5JJiOTLzrniTTSjgze4JT4AcbGA1bjNySYQrl=w140-h92-k-no', 'img1': 'https://lh5.googleusercontent.com/p/AF1QipO6l7kPwRbtfUz6bfHHVXjVlQVhM2TpcXEh0PRf=w203-h132-k-no', 'img2': 'https://lh3.googleusercontent.com/p/AF1QipMY6Jjh0IwjNv7QPc7z-ZLhd7PM21ZNBo4BpF0h=w203-h360-k-no', 'img3': 'https://lh5.googleusercontent.com/p/AF1QipPR4-7NBxrDwD3AX38Hiqf1V6dZmZycBfMWDIVr=w203-h203-k-no'}"
Barroko's Barcelona,Discoteca,Barcelona,"Carrer d'Aribau, 242, Sarrià-Sant Gervasi, 08006 Barcelona",discotecabarrokos.com,NO_EMAIL,932011377,3.4,2298,DJs residentes y música variada en una discoteca moderna y animada con 2 salas y sofás.,"[{'day': 'domingo', 'hours': '0:00–6:0018:00–24:00'}, {'day': 'lunes', 'hours': 'Cerrado'}, {'day': 'martes', 'hours': 'Cerrado'}, {'day': 'miércoles(Día del Padre)', 'hours': 'Cerrado El horario podría cambiar'}, {'day': 'jueves', 'hours': '19:00–23:00'}, {'day': 'viernes', 'hours': '0:30–6:00'}, {'day': 'sábado', 'hours': '18:00–24:00'}]",NOT_FOUND,"{'main': 'https://lh5.googleusercontent.com/p/AF1QipM9xOrpPH-Vwca3w8za-oRJDUkS0GRUBRekR2g6=w122-h92-k-no', 'img1': 'https://lh5.googleusercontent.com/p/AF1QipPtrDbLsPiVP09x8SENunZeb9VylAu1lr_Bibm_=w203-h200-k-no', 'img2': 'https://lh3.googleusercontent.com/p/AF1QipOy4SIl9ak3yk7odx5T4L_qpPPIXyCqE8esablt=w203-h114-k-no', 'img3': 'https://lh5.googleusercontent.com/p/AF1QipOuL5GQmV_rDqfiHePnh0MPJ2Q0a26ZDwlC1I6e=w203-h270-k-no'}"
El Canalla,Restaurante,NO_CITY,"Carrer Major de Sarrià, 95, Sarrià-Sant Gervasi, 08017 Barcelona",gruposantelmo.com,reservas@gruposantelmo.com,932058806,4.0,1198,NOT_FOUND,"[{'day': 'domingo', 'hours': '12:00–23:00'}, {'day': 'lunes', 'hours': '13:00–24:00'}, {'day': 'martes', 'hours': '13:00–24:00'}, {'day': 'miércoles(Día del Padre)', 'hours': '13:00–24:00 El horario podría cambiar'}, {'day': 'jueves', 'hours': '13:00–24:00'}, {'day': 'viernes', 'hours': '13:00–24:00'}, {'day': 'sábado', 'hours': '12:00–24:00'}]",Carta,"{'main': 'https://lh5.googleusercontent.com/p/AF1QipNits6HT-2-xARikVFIf31J0ZZPM_HewP2eT8t1=w184-h92-k-no', 'img1': 'https://lh5.googleusercontent.com/p/AF1QipPiw5O6nFKvU7HheO3U16VBvPTvuIN_te-bpe7u=w203-h304-k-no', 'img2': 'https://lh3.googleusercontent.com/p/AF1QipN97pNDHpTxbESQ9hYynnvfeVTtOhQrhZyBgGw7=w203-h360-k-no', 'img3': 'https://lh5.googleusercontent.com/p/AF1QipN0g9SRq2WKjplFPNcgOTWpslEXrhiO4Q6xL2bO=w203-h135-k-no'}"
Sotavent Bar,NOT_FOUND,NO_CITY,"Carrer Major de Sarrià, 61, Sarrià-Sant Gervasi, 08017 Barcelona",NO_WEBSITE,,NO_PHONE,4.4,1045,"Pub informal con futbolín, billar, dardos, noches de trívial y partidos televisados.","[{'day': 'domingo', 'hours': 'Cerrado'}, {'day': 'lunes', 'hours': 'Cerrado'}, {'day': 'martes', 'hours': '20:00–2:00'}, {'day': 'miércoles(Día del Padre)', 'hours': '20:00–2:00 El horario podría cambiar'}, {'day': 'jueves', 'hours': '20:00–2:30'}, {'day': 'viernes', 'hours': '20:00–3:00'}, {'day': 'sábado', 'hours': '20:00–3:00'}]",NOT_FOUND,"{'main': 'https://lh5.googleusercontent.com/p/AF1QipP0ECKa1iIv-Bea03NNZirlxoo5kK5NKJqVAyG4=w80-h106-k-no', 'img1': 'https://lh3.googleusercontent.com/gps-cs-s/AB5caB_5XMJ9Sz3nb7Ip9bF5cEnSTP0L8tDNzfAOJ0Ej7LFIh2dGgUE80ypV99vM2k7OkHHbsw0vPz1KEkxH-PE6YK5ovdaXQpE8VZlJG_AhYtPUR4BGrUNEsX3pnC86K5Zq9w7DoXqo=w203-h202-k-no', 'img2': 'https://lh3.googleusercontent.com/gps-cs-s/AB5caB8GLvpZj7JXHpVnvy7LRAD9YAJjhGBJL_dAKQSawhmBCw1kIEvv_l6KQ3Tr7fy3rfzScezMAiYKW5QFLpvK3-hCGL4gNPqX3Y0NAlpQDA1mEvKtFw3cZ15ckwZEW_11NU69pH_7=w203-h360-k-no', 'img3': 'https://lh3.googleusercontent.com/gps-cs-s/AB5caB-ldMUlaRx9CEEHAckb2qRZlgjSF0r6qY58sUFbGxkQONPEyW1y0DZLGe6or5Vwsp0wZFrY0zqGwJz_Exd65KTXrrCTOPiLecMNTjTqu8LZBWptRjCNhe8TrNk1K589xCxDdbVJ=w203-h152-k-no'}"
La Biblio Barcelona,NOT_FOUND,NO_CITY,NO_ADDRESS,NO_WEBSITE,,NO_PHONE,3.6,1002,NOT_FOUND,"[{'day': 'domingo', 'hours': '0:00–6:00'}, {'day': 'lunes', 'hours': 'Cerrado'}, {'day': 'martes', 'hours': 'Cerrado'}, {'day': 'miércoles(Día del Padre)', 'hours': 'Cerrado El horario podría cambiar'}, {'day': 'jueves', 'hours': '23:59–24:00'}, {'day': 'viernes', 'hours': '0:00–5:0023:59–24:00'}, {'day': 'sábado', 'hours': '0:00–6:0023:59–24:00'}]",NOT_FOUND,"{'main': 'https://lh5.googleusercontent.com/p/AF1QipOqd5OBLp4DeOJXAaK1KBjxGyYkSK3U6dS5CMqB=w138-h92-k-no', 'img1': 'https://lh3.googleusercontent.com/gps-cs-s/AB5caB8nhR4tXfklKB8UTHSRT_MMpTFQ_Dhew-qVx99Rov-qmx1eGGRVSPeJoD4b5fUiqg_6x--En6sC4lfw5TU6M3RpuI9UGBjVU9a_oEaGzVlPPrQMxIhjvQ05aEELgAtXJju_SBCY=w203-h270-k-no', 'img2': 'https://lh3.googleusercontent.com/p/AF1QipP2aPO5ViWmTwFfmTxsIxCIM4pA8hwp51flE4aN=w203-h358-k-no', 'img3': '//:0'}"
Bar Ri,Restaurante,NO_CITY,"Plaça de Joaquim Pena, 4, Sarrià-Sant Gervasi, 08017 Barcelona",barribarcelona.com,sarria@barribarcelona.com,932057856,3.9,885,"Hamburguesas, tapas y especiales del día en comedor chic y minimalista con pared de ladrillo.",NOT_FOUND,Hacer un pedido,"{'main': 'https://lh5.googleusercontent.com/p/AF1QipO-bQ6xpCGZKF-ssFqgGWwEu78q0uswn20X5xES=w163-h92-k-no', 'img1': 'https://lh5.googleusercontent.com/p/AF1QipNTAaIa3ggB0-sx7FSoIMwkvb91MlPDe5t3lP3_=w203-h135-k-no', 'img2': 'https://lh5.googleusercontent.com/p/AF1QipOpNxbC_bkYt-1Ef2eK0uM10kcte3hhKtl22F7J=w203-h274-k-no', 'img3': 'https://lh5.googleusercontent.com/p/AF1QipMuhfKH_xM4HpACLHSwVoN-PDmDBxMYZo_kdg50=w203-h270-k-no'}"
Monterrey,Bar,NO_CITY,"Carrer Major de Sarrià, 68, Sarrià-Sant Gervasi, 08017 Barcelona",NO_WEBSITE,,NO_PHONE,4.2,717,NOT_FOUND,"[{'day': 'domingo', 'hours': 'Cerrado'}, {'day': 'lunes', 'hours': '7:30–1:00'}, {'day': 'martes', 'hours': '7:30–1:00'}, {'day': 'miércoles(Día del Padre)', 'hours': '7:30–1:00 El horario podría cambiar'}, {'day': 'jueves', 'hours': '7:30–1:00'}, {'day': 'viernes', 'hours': '7:30–1:00'}, {'day': 'sábado', 'hours': '7:30–2:00'}]",NOT_FOUND,"{'main': 'https://lh5.googleusercontent.com/p/AF1QipO2W8tvapOwsmDFnvt8bT7isyBb8Dw6gJbvMNE=w163-h92-k-no', 'img1': 'https://lh5.googleusercontent.com/p/AF1QipMWh82uB94JnmJmwPahfu9Rjj4rUa-wUVO9G1H2=w203-h152-k-no', 'img2': 'https://lh5.googleusercontent.com/p/AF1QipPbIfMiqZ2eGcc8AC4RnVVZ0Wmo4NPLmZzzVGWA=w203-h152-k-no', 'img3': 'https://lh5.googleusercontent.com/p/AF1QipNQLPx5kVveYdyyKdvSNH3JZkGXaTxeSvruHVmy=w203-h152-k-no'}"
Bartreze,Bar,Barcelona,"Carrer Major de Sarrià, 115, Sarrià-Sant Gervasi, 08017 Barcelona",bartreze.com,bartreze@outlook.es,932506499,4.2,629,NOT_FOUND,"[{'day': 'domingo', 'hours': '9:00–1:00'}, {'day': 'lunes', 'hours': '8:00–1:00'}, {'day': 'martes', 'hours': '8:00–1:00'}, {'day': 'miércoles(Día del Padre)', 'hours': '8:00–1:00 El horario podría cambiar'}, {'day': 'jueves', 'hours': '8:00–2:00'}, {'day': 'viernes', 'hours': '8:00–2:00'}, {'day': 'sábado', 'hours': '9:00–2:00'}]",NOT_FOUND,"{'main': 'https://lh5.googleusercontent.com/p/AF1QipOdR5Wdn0EvMOxdayhR0GmbrZgzP4xYLN0x6cjj=w80-h106-k-no', 'img1': 'https://lh5.googleusercontent.com/p/AF1QipMinWPlCYWD6wlb7EWuJzgFgEmfViELj2pieveD=w203-h135-k-no', 'img2': 'https://lh5.googleusercontent.com/p/AF1QipNL53QiMgXH4104bio4VU8IPsCnWcRqr0DVwTpU=w203-h135-k-no', 'img3': 'https://lh5.googleusercontent.com/p/AF1QipMsKO-B1zz8R4JGNebS9SY_F2DoDDp4rAuzeAYA=w203-h152-k-no'}"
Merbeyé Cocktail Bar,Coctelería,Barcelona,"Plaça del Doctor Andreu, 2, Sarrià-Sant Gervasi, 08035 Barcelona",merbeye.net,merbeye@merbeye.net,934173549,3.9,619,"Íntima coctelería decorada con telas y palmeras, que dispone de terraza en la planta baja y otra en la azotea.","[{'day': 'domingo', 'hours': '12:00–24:00'}, {'day': 'lunes', 'hours': 'Cerrado'}, {'day': 'martes', 'hours': 'Cerrado'}, {'day': 'miércoles(Día del Padre)', 'hours': 'Cerrado El horario podría cambiar'}, {'day': 'jueves', 'hours': '12:00–1:00'}, {'day': 'viernes', 'hours': '12:00–3:00'}, {'day': 'sábado', 'hours': '12:00–3:00'}]",NOT_FOUND,"{'main': 'https://lh5.googleusercontent.com/p/AF1QipNfgfRPIrRS3aqOlg5BrEoiyRHDlqAQyeeZ7Pax=w122-h92-k-no', 'img1': 'https://lh5.googleusercontent.com/p/AF1QipP62WqNHy1qQShS3FRuQNxGdBwJWId47anjVsX9=w203-h151-k-no', 'img2': 'https://lh3.googleusercontent.com/p/AF1QipMarUPiynE27xGd8Tvw57FyZKnGfDUbRxkzr08n=w203-h360-k-no', 'img3': 'https://lh5.googleusercontent.com/p/AF1QipOqj6V_Jq-bLlJYhtwPZAckO8tFVsZZhNwC4xoU=w203-h203-k-no'}"
Casa Fernández,NOT_FOUND,NO_CITY,NO_ADDRESS,NO_WEBSITE,,NO_PHONE,4.2,540,Tapas y platos caseros de la cocina española y mediterránea en un restaurante sencillo abierto desde 1989.,"[{'day': 'domingo', 'hours': '12:00–24:00'}, {'day': 'lunes', 'hours': '13:00–17:0019:00–24:00'}, {'day': 'martes', 'hours': '13:00–17:0019:00–24:00'}, {'day': 'miércoles(Día del Padre)', 'hours': '13:00–17:0019:00–24:00 El horario podría cambiar'}, {'day': 'jueves', 'hours': '13:00–17:0019:00–24:00'}, {'day': 'viernes', 'hours': '13:00–17:0019:00–1:00'}, {'day': 'sábado', 'hours': '12:00–17:0019:00–1:00'}]",NOT_FOUND,"{'main': 'https://lh5.googleusercontent.com/p/AF1QipNyUenE8aeNRKRgDYpj3HBvhbkg1KK468cfTmfg=w137-h92-k-no', 'img1': 'https://lh5.googleusercontent.com/p/AF1QipNlzWX-fncNyTuD2RaHG0VRMoOXitTk-LTAjuAc=w203-h135-k-no', 'img2': 'https://lh5.googleusercontent.com/p/AF1QipMGcqGPq9IQNsGb-j4CBMWWBV6995Bj7_TChbIV=w203-h134-k-no', 'img3': 'https://lh5.googleusercontent.com/p/AF1QipPcxyeZOM2SNwQB8ZdEBCiWSNv2dh57jqJymzz1=w203-h152-k-no'}"
A Viva Voz | Muntaner,NOT_FOUND,NO_CITY,NO_ADDRESS,NO_WEBSITE,,NO_PHONE,4.2,466,NOT_FOUND,NOT_FOUND,NOT_FOUND,"{'main': 'https://lh5.googleusercontent.com/p/AF1QipNqJaIEFifs1Vaqnmh_iLMEXAGInlJYYTU8oy13=w131-h92-k-no', 'img1': 'https://lh5.googleusercontent.com/p/AF1QipMj2QvAJBvuOP_CnLoPLRVwlDedAt_n9BXBJCZw=w203-h114-k-no', 'img2': 'https://lh3.googleusercontent.com/p/AF1QipM3jHczWN9WNN8cnP_cgO_sozMaRi-_ueAvJClW=w203-h114-k-no', 'img3': 'https://lh5.googleusercontent.com/p/AF1QipOfMQPJ_1BgJstwmHOLkijpbfzV8duGyZ6OlgfV=w203-h114-k-no'}"
Quatre Cocteleria,Coctelería,NO_CITY,"Carrer de Lincoln, 3, Sarrià-Sant Gervasi, 08006 Barcelona",instagram.com,NO_EMAIL,645320677,4.9,389,NOT_FOUND,NOT_FOUND,Carta,"{'main': 'https://lh5.googleusercontent.com/p/AF1QipM1GWnGYlvLMC4xYUVfmBsTLXjUqLF76_NHv1xk=w163-h92-k-no', 'img1': 'https://lh5.googleusercontent.com/p/AF1QipM1GWnGYlvLMC4xYUVfmBsTLXjUqLF76_NHv1xk=w203-h114-k-no', 'img2': 'https://lh3.googleusercontent.com/p/AF1QipPAs9VgGKsE7WCi-Yw1bEEa1hDDp9-ULNLTC7F8=w203-h203-k-no', 'img3': 'https://lh5.googleusercontent.com/p/AF1QipNRAgB0Etz-FcZFUgx5UBvmqBK8ZMTBWWnI5fTQ=w203-h270-k-no'}"
Swinger Club Oops Barcelona,Club nocturno,Barcelona,"Carrer d'Anglí, 69, Distrito de Sarrià-Sant Gervasi, 08017 Barcelona",oops.barcelona,NO_EMAIL,665138734,4.1,366,NOT_FOUND,"[{'day': 'domingo', 'hours': '0:00–7:0023:00–24:00'}, {'day': 'lunes', 'hours': '0:00–5:0023:00–24:00'}, {'day': 'martes', 'hours': '0:00–5:0023:00–24:00'}, {'day': 'miércoles(Día del Padre)', 'hours': '0:00–5:0023:00–24:00 El horario podría cambiar'}, {'day': 'jueves', 'hours': '0:00–5:0023:00–24:00'}, {'day': 'viernes', 'hours': '0:00–5:0023:00–24:00'}, {'day': 'sábado', 'hours': '0:00–6:0023:00–24:00'}]",Amigable con la comunidad LGTBI+,"{'main': 'https://lh5.googleusercontent.com/p/AF1QipNTM2ISGCZvHWnptCSgzD8PyVpPnzvER7VC8P1l=w142-h92-k-no', 'img1': 'https://lh5.googleusercontent.com/p/AF1QipMI3k7s9D0Js4Rl_awwUevwGQ9Bgt5zxrQSFXnF=w203-h134-k-no', 'img2': 'https://lh5.googleusercontent.com/p/AF1QipOoyPfES11tot1i4bynsqP0abgCpReUMMDuAURB=w203-h135-k-no', 'img3': 'https://lh5.googleusercontent.com/p/AF1QipNVCs4SVhYf0JZD-DSLZtU2zoPMVHygCeUlaxhf=w203-h152-k-no'}"
El Cinco Club Barcelona,Discoteca,NO_CITY,"Plaça de Joan Llongueras, 5, Sarrià-Sant Gervasi, 08021 Barcelona",elcinco.barcelona,NO_EMAIL,938580813,3.8,361,NOT_FOUND,"[{'day': 'domingo', 'hours': '0:00–6:00'}, {'day': 'lunes', 'hours': 'Cerrado'}, {'day': 'martes', 'hours': 'Cerrado'}, {'day': 'miércoles(Día del Padre)', 'hours': 'Cerrado El horario podría cambiar'}, {'day': 'jueves', 'hours': '23:55–24:00'}, {'day': 'viernes', 'hours': '0:00–5:0023:55–24:00'}, {'day': 'sábado', 'hours': '0:00–6:0023:55–24:00'}]",Reservar una mesa,"{'main': 'https://lh5.googleusercontent.com/p/AF1QipNR1EwxMhXIQ3_w36MkcXEIvjzoLL3pMuabfrfe=w138-h92-k-no', 'img1': 'https://lh5.googleusercontent.com/p/AF1QipOSJk4Wa1ywEvBGbrqBRz0RONLVgb8pc2DVSKjC=w203-h135-k-no', 'img2': 'https://lh3.googleusercontent.com/p/AF1QipMxc5ZZoxtkvus7zrs3eb__xjyFj9warow-O2a9=w203-h360-k-no', 'img3': 'https://lh5.googleusercontent.com/p/AF1QipNR1EwxMhXIQ3_w36MkcXEIvjzoLL3pMuabfrfe=w203-h135-k-no'}"
El Cinco Club Barcelona,NOT_FOUND,NO_CITY,NO_ADDRESS,NO_WEBSITE,,NO_PHONE,3.8,361,NOT_FOUND,"[{'day': 'domingo', 'hours': '0:00–6:00'}, {'day': 'lunes', 'hours': 'Cerrado'}, {'day': 'martes', 'hours': 'Cerrado'}, {'day': 'miércoles(Día del Padre)', 'hours': 'Cerrado El horario podría cambiar'}, {'day': 'jueves', 'hours': '23:55–24:00'}, {'day': 'viernes', 'hours': '0:00–5:0023:55–24:00'}, {'day': 'sábado', 'hours': '0:00–6:0023:55–24:00'}]",NOT_FOUND,"{'main': 'https://lh5.googleusercontent.com/p/AF1QipNR1EwxMhXIQ3_w36MkcXEIvjzoLL3pMuabfrfe=w138-h92-k-no', 'img1': 'https://lh5.googleusercontent.com/p/AF1QipOSJk4Wa1ywEvBGbrqBRz0RONLVgb8pc2DVSKjC=w203-h135-k-no', 'img2': 'https://lh3.googleusercontent.com/p/AF1QipMxc5ZZoxtkvus7zrs3eb__xjyFj9warow-O2a9=w203-h360-k-no', 'img3': 'https://lh5.googleusercontent.com/p/AF1QipNR1EwxMhXIQ3_w36MkcXEIvjzoLL3pMuabfrfe=w203-h135-k-no'}"
Atlantic Club Barcelona,Recinto para eventos,Barcelona,"Av. del Tibidabo, 56, Sarrià-Sant Gervasi, 08035 Barcelona",atlanticbarcelona.com,NO_EMAIL,675273071,3.9,289,Música comercial en una amplia discoteca de estilo modernista con terraza ajardinada y vistas a Barcelona.,"[{'day': 'domingo', 'hours': '12:00–18:00'}, {'day': 'lunes', 'hours': 'Cerrado'}, {'day': 'martes', 'hours': 'Cerrado'}, {'day': 'miércoles(Día del Padre)', 'hours': 'Cerrado El horario podría cambiar'}, {'day': 'jueves', 'hours': 'Cerrado'}, {'day': 'viernes', 'hours': 'Cerrado'}, {'day': 'sábado', 'hours': '12:00–18:00'}]",Reclamar esta empresa,"{'main': 'https://lh5.googleusercontent.com/p/AF1QipPrc9J40t7QER1r99NtDXlR2fBmWGc97Utv7C4I=w202-h92-k-no', 'img1': 'https://lh5.googleusercontent.com/p/AF1QipNyvUjhaI6aMYlRtjxTcKObcem2DK2GbBbUJn0W=w203-h100-k-no', 'img2': 'https://lh5.googleusercontent.com/p/AF1QipP0vOaMW_ObCMtxQzWzOgXJh_P2Z1WnzrPRuF3C=w203-h269-k-no', 'img3': 'https://lh5.googleusercontent.com/p/AF1QipP2TXTVugk0kY5_bFVrPX5fQuZ87IzcP5r2lG7O=w203-h114-k-no'}"
La Orquidea Karaoke,NOT_FOUND,NO_CITY,NO_ADDRESS,NO_WEBSITE,,NO_PHONE,2.9,284,NOT_FOUND,NOT_FOUND,NOT_FOUND,"{'main': 'https://lh5.googleusercontent.com/p/AF1QipOycIdBIHEKP5wehcKAEI6-6Dg4PJME_KQvfOEV=w163-h92-k-no', 'img1': 'https://lh5.googleusercontent.com/p/AF1QipOycIdBIHEKP5wehcKAEI6-6Dg4PJME_KQvfOEV=w203-h114-k-no', 'img2': 'https://lh5.googleusercontent.com/p/AF1QipMuoYtqCHruyJmBe3OW3fxr1e3vQBlAOrAX5tD3=w203-h178-k-no', 'img3': 'https://lh5.googleusercontent.com/p/AF1QipPLplwWKRs_aL8lebz9qL3Mnc4-IfTleH3TH2Tx=w203-h270-k-no'}"
The End Bar,NOT_FOUND,NO_CITY,NO_ADDRESS,NO_WEBSITE,,NO_PHONE,3.7,260,Sala y bar de copas de elegante diseño en tonos neutros que ofrece menús para grupos y acoge fiestas privadas.,"[{'day': 'domingo', 'hours': 'Cerrado'}, {'day': 'lunes', 'hours': 'Cerrado'}, {'day': 'martes', 'hours': 'Cerrado'}, {'day': 'miércoles(Día del Padre)', 'hours': 'Cerrado El horario podría cambiar'}, {'day': 'jueves', 'hours': '22:00–2:30'}, {'day': 'viernes', 'hours': '20:00–3:00'}, {'day': 'sábado', 'hours': '20:00–3:00'}]",NOT_FOUND,"{'main': 'https://lh5.googleusercontent.com/p/AF1QipPPJ8n28EzpeV5eqQWsmOcyu_TV4Eee0av1M7tL=w138-h92-k-no', 'img1': 'https://lh5.googleusercontent.com/p/AF1QipPPJ8n28EzpeV5eqQWsmOcyu_TV4Eee0av1M7tL=w203-h135-k-no', 'img2': 'https://lh5.googleusercontent.com/p/AF1QipMT6Bri77oH7KRAb01esSYK3CDWh1UMMHX9WDk4=w203-h270-k-no', 'img3': 'https://lh5.googleusercontent.com/p/AF1QipNC5hm2VaB3Z45mP1X1fNdSZojCiCBcRn9bbbvD=w203-h270-k-no'}"
Mobster's Barcelona,Coctelería,NO_CITY,"Carrer de Moià, 1, Sarrià-Sant Gervasi, 08006 Barcelona",NO_WEBSITE,,NO_PHONE,3.5,215,NOT_FOUND,"[{'day': 'domingo', 'hours': 'Cerrado'}, {'day': 'lunes', 'hours': 'Cerrado'}, {'day': 'martes', 'hours': 'Cerrado'}, {'day': 'miércoles(Día del Padre)', 'hours': '22:00–2:30 El horario podría cambiar'}, {'day': 'jueves', 'hours': '22:00–2:30'}, {'day': 'viernes', 'hours': '22:00–3:00'}, {'day': 'sábado', 'hours': '22:00–3:00'}]",NOT_FOUND,"{'main': 'https://lh5.googleusercontent.com/p/AF1QipOrs8hQQ9d_V-kQiXskpOfwodfIXruieN5d6pj2=w138-h92-k-no', 'img1': 'https://lh5.googleusercontent.com/p/AF1QipMYWZozCUPCXcLJJhFCG_gFIsBjUBHSEgYM9bZb=w203-h142-k-no', 'img2': 'https://lh3.googleusercontent.com/p/AF1QipM7eNGriOyAnQoAwjYIOWFh2M2UHJKETfmApfTc=w203-h360-k-no', 'img3': 'https://lh5.googleusercontent.com/p/AF1QipOvHO1TzhJR6y171qGQ04fy5Yu8JhdujnZWxR1b=w203-h114-k-no'}"
Snack Bar Torre de l'Or,Snack bar,Barcelona,NOT_FOUND,"Av. de Sarrià, 36, Les Corts, 08029 Barcelona",NO_EMAIL,933223504,4.0,141,NOT_FOUND,"[{'day': 'domingo', 'hours': 'Cerrado'}, {'day': 'lunes', 'hours': '6:30–23:00'}, {'day': 'martes', 'hours': '6:30–23:00'}, {'day': 'miércoles(Día del Padre)', 'hours': '6:30–23:00 El horario podría cambiar'}, {'day': 'jueves', 'hours': '6:30–23:00'}, {'day': 'viernes', 'hours': '6:30–23:00'}, {'day': 'sábado', 'hours': '6:30–17:00'}]",NOT_FOUND,"{'main': 'https://lh5.googleusercontent.com/p/AF1QipNEKvSgIBIQJX101FutjvbhWd5nbwGHz98qPhWi=w122-h92-k-no', 'img1': 'https://lh5.googleusercontent.com/p/AF1QipNEKvSgIBIQJX101FutjvbhWd5nbwGHz98qPhWi=w203-h152-k-no', 'img2': 'https://lh5.googleusercontent.com/p/AF1QipMKyIsNfILHT87CwzTY1AIE8vcJI8GkHzCps2xG=w203-h152-k-no', 'img3': 'https://lh5.googleusercontent.com/p/AF1QipPkhqmayqzY6WNpmVwq4s3VGyFxNC8m5JlD3vZK=w203-h114-k-no'}"
Bar Abanico,Pub,Barcelona,"Carrer del Camp, 3, Sarrià-Sant Gervasi, 08021 Barcelona",abanico-barcelona.com,info@abanico-barcelona.com,650291010,4.4,138,NOT_FOUND,"[{'day': 'domingo', 'hours': 'Cerrado'}, {'day': 'lunes', 'hours': 'Cerrado'}, {'day': 'martes', 'hours': 'Cerrado'}, {'day': 'miércoles(Día del Padre)', 'hours': 'Cerrado El horario podría cambiar'}, {'day': 'jueves', 'hours': 'Cerrado'}, {'day': 'viernes', 'hours': '23:00–3:00'}, {'day': 'sábado', 'hours': '23:00–3:00'}]",NOT_FOUND,"{'main': 'https://lh5.googleusercontent.com/p/AF1QipNWDC24xyjQ5-wCicESSWDdbJad0SjKmsbTlgE-=w163-h92-k-no', 'img1': 'https://lh5.googleusercontent.com/p/AF1QipOjUbgr8S_p4QoneX3lkvh3tRjodw7_ZHQ2tjhJ=w203-h135-k-no', 'img2': 'https://lh5.googleusercontent.com/p/AF1QipNPTVF_b3JiTsY6xpBPG4i6ODZIQ8IcT9MS0-Ne=w203-h135-k-no', 'img3': 'https://lh5.googleusercontent.com/p/AF1QipNWDC24xyjQ5-wCicESSWDdbJad0SjKmsbTlgE-=w203-h114-k-no'}"
Leounge Karaoke Bar,Karaoke,NO_CITY,"Carrer del Francolí, 68, Sarrià-Sant Gervasi, 08006 Barcelona",NO_WEBSITE,,NO_PHONE,4.3,104,Espejos y sofás de estilo barroco y toques en rojo crean ambiente en este bar musical apto para eventos.,"[{'day': 'domingo', 'hours': '12:30–24:00'}, {'day': 'lunes', 'hours': 'Cerrado'}, {'day': 'martes', 'hours': 'Cerrado'}, {'day': 'miércoles(Día del Padre)', 'hours': 'Cerrado El horario podría cambiar'}, {'day': 'jueves', 'hours': '18:00–23:30'}, {'day': 'viernes', 'hours': '18:00–2:30'}, {'day': 'sábado', 'hours': '12:00–2:30'}]",NOT_FOUND,"{'main': 'https://lh5.googleusercontent.com/p/AF1QipMdxaI6lwYPhpZTpi656vbyclblevIdub3hKC8N=w138-h92-k-no', 'img1': 'https://lh5.googleusercontent.com/p/AF1QipNlJTdkRAZJ969sTz4Hwfid0wHxjz3-lAuP06jq=w203-h112-k-no', 'img2': 'https://lh5.googleusercontent.com/p/AF1QipMdxaI6lwYPhpZTpi656vbyclblevIdub3hKC8N=w203-h135-k-no', 'img3': 'https://lh5.googleusercontent.com/p/AF1QipP-YGFDdY_A5YfoCoVyrV0yvt9xKfraCNVMxCBa=w221-h100-k-no'}"
Wanasah Barcelona,Discoteca,Barcelona,Carta,"Av. de Sarrià, 44, Les Corts, 08029 Barcelona",NO_EMAIL,666317753,3.6,67,NOT_FOUND,"[{'day': 'domingo', 'hours': '0:00–6:0023:00–24:00'}, {'day': 'lunes', 'hours': '0:00–5:0023:00–24:00'}, {'day': 'martes', 'hours': '0:00–5:0023:00–24:00'}, {'day': 'miércoles(Día del Padre)', 'hours': '0:00–5:0023:00–24:00 El horario podría cambiar'}, {'day': 'jueves', 'hours': '0:00–5:0023:00–24:00'}, {'day': 'viernes', 'hours': '0:00–5:0023:00–24:00'}, {'day': 'sábado', 'hours': '0:00–6:0023:00–24:00'}]",instagram.com,"{'main': 'https://lh5.googleusercontent.com/p/AF1QipMrAAFDkichp6C4lx6zTcKnbpoubSuuQXABGRSp=w163-h92-k-no', 'img1': 'https://lh5.googleusercontent.com/p/AF1QipMrAAFDkichp6C4lx6zTcKnbpoubSuuQXABGRSp=w203-h114-k-no', 'img2': 'https://lh5.googleusercontent.com/p/AF1QipNZx1BABXSYODiya6Lpkp7S4myEmhu55LGsQYWT=w203-h270-k-no', 'img3': 'https://lh5.googleusercontent.com/p/AF1QipOuvG9cRMi_7hj1VAzhahDmh_SGhGpggOmghG7J=w203-h203-k-no'}"
La Vie en Rose,Club de entretenimiento para adultos,Barcelona,"Carrer del Rector Ubach, 46, Sarrià-Sant Gervasi, 08021 Barcelona",lavieenrose.es,reservas@lavieenrose.es,638437783,4.0,63,NOT_FOUND,"[{'day': 'domingo', 'hours': 'Abierto 24 horas'}, {'day': 'lunes', 'hours': 'Abierto 24 horas'}, {'day': 'martes', 'hours': 'Abierto 24 horas'}, {'day': 'miércoles(Día del Padre)', 'hours': 'Abierto 24 horas El horario podría cambiar'}, {'day': 'jueves', 'hours': 'Abierto 24 horas'}, {'day': 'viernes', 'hours': 'Abierto 24 horas'}, {'day': 'sábado', 'hours': 'Abierto 24 horas'}]",Se identifica como de propietarias mujeres,"{'main': 'https://lh5.googleusercontent.com/p/AF1QipPFf3_wA0IuktrchlDtH4KB2r6nVjL7VNtIlfRk=w122-h92-k-no', 'img1': 'https://lh5.googleusercontent.com/p/AF1QipPFf3_wA0IuktrchlDtH4KB2r6nVjL7VNtIlfRk=w203-h152-k-no', 'img2': 'https://lh3.googleusercontent.com/gps-cs-s/AB5caB_wqEGroaqgnI1hU5N6Bt2fq_jVeq4Xn-yEZ4XLW8HrZXvRgkjrv-e74weH1WH-GuztbJGN6nP6dkAS_bveuN4amvV76PelgKE9dZh9DvQq1CxdhkYaI0jsVZElWZsQJUrvIW4E=w203-h100-k-no-pi-10-ya42.73204-ro-0-fo100', 'img3': 'https://lh3.googleusercontent.com/gps-cs-s/AB5caB8t33N5zaMs0a5HXOaiz5U7FjlqIuUEWMUia-ZrVXGKA78Y0XnEfnKjOA3DdPn8iqZu6Ec6cCprVdLViV4FA1Eo6l8pNZvKIrtALAoVTtEsPxsrmn8t8klwOSThjtg1EikRO05Mog=w203-h100-k-no-pi-10-ya321.85968-ro-0-fo100'}"
Sala B Barcelona,Discoteca,Barcelona,"C/ de Muntaner, 244, Sarrià-Sant Gervasi, 08021 Barcelona",luzdegas.com,comunicacio@luzdegas.com,932097711,2.6,51,NOT_FOUND,"[{'day': 'domingo', 'hours': '0:00–6:00'}, {'day': 'lunes', 'hours': 'Cerrado'}, {'day': 'martes', 'hours': 'Cerrado'}, {'day': 'miércoles(Día del Padre)', 'hours': 'Cerrado El horario podría cambiar'}, {'day': 'jueves', 'hours': '23:59–24:00'}, {'day': 'viernes', 'hours': '0:00–5:0023:59–24:00'}, {'day': 'sábado', 'hours': '0:00–6:0023:59–24:00'}]",NOT_FOUND,"{'main': 'https://lh5.googleusercontent.com/p/AF1QipOoWRkpQHquYfNgTyrcEeGM6GHYlpH1JhcndzaC=w80-h177-k-no', 'img1': 'https://lh5.googleusercontent.com/p/AF1QipOoWRkpQHquYfNgTyrcEeGM6GHYlpH1JhcndzaC=w203-h450-k-no', 'img2': 'https://lh3.googleusercontent.com/p/AF1QipNnk4wM50P-Hcp913tLABo7Ax3nfxkTKOzOSWFx=w203-h360-k-no', 'img3': '//:0'}"
Sala B Barcelona,NOT_FOUND,NO_CITY,NO_ADDRESS,NO_WEBSITE,,NO_PHONE,2.6,51,NOT_FOUND,"[{'day': 'domingo', 'hours': '0:00–6:00'}, {'day': 'lunes', 'hours': 'Cerrado'}, {'day': 'martes', 'hours': 'Cerrado'}, {'day': 'miércoles(Día del Padre)', 'hours': 'Cerrado El horario podría cambiar'}, {'day': 'jueves', 'hours': '23:59–24:00'}, {'day': 'viernes', 'hours': '0:00–5:0023:59–24:00'}, {'day': 'sábado', 'hours': '0:00–6:0023:59–24:00'}]",NOT_FOUND,"{'main': 'https://lh5.googleusercontent.com/p/AF1QipOoWRkpQHquYfNgTyrcEeGM6GHYlpH1JhcndzaC=w80-h177-k-no', 'img1': 'https://lh5.googleusercontent.com/p/AF1QipOoWRkpQHquYfNgTyrcEeGM6GHYlpH1JhcndzaC=w203-h450-k-no', 'img2': 'https://lh3.googleusercontent.com/p/AF1QipNnk4wM50P-Hcp913tLABo7Ax3nfxkTKOzOSWFx=w203-h360-k-no', 'img3': '//:0'}"
Strip Club Barcelona | Las Vegas Night Girl,Club de entretenimiento para adultos,Barcelona,"Calle de Aribau, 229, Distrito de Sarrià-Sant Gervasi, 08021 Barcelona",lasvegasbcn.com,info@lasvegasbcn.com,671858964,4.2,22,NOT_FOUND,"[{'day': 'domingo', 'hours': 'Cerrado'}, {'day': 'lunes', 'hours': '17:00–4:00'}, {'day': 'martes', 'hours': '17:00–4:00'}, {'day': 'miércoles(Día del Padre)', 'hours': '17:00–4:00 El horario podría cambiar'}, {'day': 'jueves', 'hours': '17:00–4:00'}, {'day': 'viernes', 'hours': '17:00–5:00'}, {'day': 'sábado', 'hours': '17:00–5:00'}]",NOT_FOUND,"{'main': 'https://lh5.googleusercontent.com/p/AF1QipPEjfwpq6YOqbD82mFrKpnB92ZVs2D-vlKaL7m5=w138-h92-k-no', 'img1': 'https://streetviewpixels-pa.googleapis.com/v1/thumbnail?panoid=lZoB3lwtf-yhFpT3C1ZAwQ&cb_client=maps_sv.tactile.gps&w=203&h=100&yaw=216.96397&pitch=0&thumbfov=100', 'img2': 'https://lh5.googleusercontent.com/p/AF1QipNdWux7j612Jjuz7RU8g4FLZwAOsDXAIOM7za1v=w203-h304-k-no', 'img3': 'https://lh5.googleusercontent.com/p/AF1QipN-YZN7GD14HyS9k9qLqNhQl8l4zXdC0RNnmvZN=w203-h135-k-no'}"
Discoteca Barcelona / Night Club Barcelona,Discoteca,NO_CITY,"Carrer de Tuset, 12, Sarrià-Sant Gervasi, 08006 Barcelona",youbarcelona.com,NO_EMAIL,NO_PHONE,4.0,20,NOT_FOUND,NOT_FOUND,Planta 0 · Monitor Building,"{'main': 'https://lh5.googleusercontent.com/p/AF1QipP0yHc0i_GN2N-lItKYamYKrWdLMMFqhT3RvJ7x=w143-h92-k-no', 'img1': 'https://lh5.googleusercontent.com/p/AF1QipO3oiDk84LxkzcMsmO1Ica0XcXtPUGX3Al5p2V1=w203-h131-k-no', 'img2': 'https://lh3.googleusercontent.com/p/AF1QipMSqn8sirgaAa6iX27JMnae1nfvRDt0mIAbA2Ei=w203-h360-k-no', 'img3': 'https://lh5.googleusercontent.com/p/AF1QipMNxiHO89NeDUpo9KtHXluOgEtzqC_ohNNaTpXh=w203-h135-k-no'}"
Golden Heaven BCN,NOT_FOUND,NO_CITY,NO_ADDRESS,NO_WEBSITE,,NO_PHONE,5.0,18,NOT_FOUND,NOT_FOUND,NOT_FOUND,"{'main': 'NOT_FOUND', 'img1': 'https://lh5.googleusercontent.com/p/AF1QipOHJX_d1eJpvEgxdUGXutK-gwMqTyASlLkYoQrQ=w203-h137-k-no', 'img2': 'https://lh5.googleusercontent.com/p/AF1QipOcw5loDrw5mXrNxU3JDO_X_ChN13EY_V34v4C7=w203-h270-k-no', 'img3': 'https://lh5.googleusercontent.com/p/AF1QipPMQ3uwApWz_vhaVxzrS7rg7zY2IWUo4xVl_82h=w203-h131-k-no'}"
EVA Night Club,Club de entretenimiento para adultos,Barcelona,"Carrer de Marià Cubí, 90, Sarrià-Sant Gervasi, 08021 Barcelona",instagram.com,NO_EMAIL,660162652,5.0,11,NOT_FOUND,"[{'day': 'domingo', 'hours': 'Cerrado'}, {'day': 'lunes', 'hours': '17:00–23:55'}, {'day': 'martes', 'hours': '17:00–4:00'}, {'day': 'miércoles(Día del Padre)', 'hours': '17:00–4:00 El horario podría cambiar'}, {'day': 'jueves', 'hours': '17:00–4:00'}, {'day': 'viernes', 'hours': '17:00–5:00'}, {'day': 'sábado', 'hours': '21:00–5:00'}]",NOT_FOUND,"{'main': 'https://lh5.googleusercontent.com/p/AF1QipOB8Xko0J91kLm2Y0FjId9RoLacUTd48XtR_7Te=w80-h106-k-no', 'img1': 'https://lh5.googleusercontent.com/p/AF1QipOB8Xko0J91kLm2Y0FjId9RoLacUTd48XtR_7Te=w203-h270-k-no', 'img2': 'https://lh3.googleusercontent.com/p/AF1QipNMigPBH7MnjW3sszL4B_WRb_mlw4FEiDR720dE=w203-h371-k-no', 'img3': 'https://lh5.googleusercontent.com/p/AF1QipMOZO5EElOp72fMbQanctKKJxVF5BShrTkRWeHF=w203-h270-k-no'}"
La raspa,Bar musical,NO_CITY,"Carrer de Calvet, 23, Sarrià-Sant Gervasi, 08021 Barcelona",NO_WEBSITE,,NO_PHONE,4.2,5,NOT_FOUND,NOT_FOUND,NOT_FOUND,"{'main': 'https://lh5.googleusercontent.com/p/AF1QipPpeE2dMu1Sc8voPf05oLD5liO_uOmjSNRzWZx0=w122-h92-k-no', 'img1': 'https://lh5.googleusercontent.com/p/AF1QipN3erF2l6ZWMwLtXJZ6Al0gFh2FoKSIIr2RsAm2=w203-h152-k-no', 'img2': 'https://lh5.googleusercontent.com/p/AF1QipPze9b_ZuyLTp_CtYZjWJxkSjltSybkQLR-B6XK=w203-h270-k-no', 'img3': 'https://lh5.googleusercontent.com/p/AF1QipM3wL0qWvuoKRuiCc7mAOGlKsokZ7SJNq3AmY6l=w203-h152-k-no'}"
New Balmes,Club nocturno,NO_CITY,"Carrer de Balmes, 369, 365, Distrito de Sarrià-Sant Gervasi, 08006 Barcelona",NO_WEBSITE,,NO_PHONE,5.0,5,NOT_FOUND,NOT_FOUND,NOT_FOUND,"{'main': 'https://streetviewpixels-pa.googleapis.com/v1/thumbnail?panoid=gU41N3PrY5kUuQwF6_wRVw&cb_client=search.gws-prod.gps&w=80&h=92&yaw=156.5989&pitch=0&thumbfov=100', 'img1': 'NOT_FOUND', 'img2': 'NOT_FOUND', 'img3': 'NOT_FOUND'}"
Vz,NOT_FOUND,Barcelona,NOT_FOUND,"Av. de Sarrià, 44, Les Corts, 08029 Barcelona",NO_EMAIL,NO_PHONE,3.8,4,NOT_FOUND,NOT_FOUND,NOT_FOUND,"{'main': 'https://lh5.googleusercontent.com/p/AF1QipNIn15t-YEeAGjqKZTLg9ZI75xnj2LAypLaLN43=w138-h92-k-no', 'img1': 'https://lh3.googleusercontent.com/gps-cs-s/AB5caB-73piH08KWkRq_C2wZXz1czFIeMjjbBotHtQBNAFO0lfFtG-4KDOF4O_fan2YYXvC2AxYPa4bVygIiiO8zBuPV83eAIC4i1g8y1w5zfXbaHsVDeWIX1Yawv0NkLgeD9XS6ydNf=w203-h135-k-no', 'img2': 'https://lh3.googleusercontent.com/gps-cs-s/AB5caB8GheW-Mo1TT3XIdshjfW5g0LHD-0oavLJk0xQe1B5cObJNFLZ3d-WgihKGnH0ciBapQv3X3eg02OvBBNQFEoOtN3lCCcet5XuVYxUOhT0udMVw7upucXSt0ugZPF1I0XDrE_0a=w203-h135-k-no', 'img3': 'https://streetviewpixels-pa.googleapis.com/v1/thumbnail?panoid=xIUBOMau9iLXD6ZCcQu4eg&cb_client=maps_sv.tactile.gps&w=203&h=100&yaw=10.930988&pitch=0&thumbfov=100'}"
Karamba Discotek,Club nocturno,NO_CITY,"Carrer de Santa Fe de Nou Mèxic, 3, Sarrià-Sant Gervasi, 08017 Barcelona",NO_WEBSITE,,NO_PHONE,5.0,2,NOT_FOUND,NOT_FOUND,NOT_FOUND,"{'main': 'https://streetviewpixels-pa.googleapis.com/v1/thumbnail?panoid=rOvc25JjFM4TGyRFK-kO9A&cb_client=search.gws-prod.gps&w=80&h=92&yaw=316.127&pitch=0&thumbfov=100', 'img1': 'NOT_FOUND', 'img2': 'NOT_FOUND', 'img3': 'NOT_FOUND'}"
